college_id;exam_id;template_id;template_year;template_name;template_pdf
101;401;411;2024;Gabarito - Fatec - 1ª Sem/2024;GABARITO_fatec_sem1_2024.pdf
101;402;412;2024;Gabarito - Fatec - 2ª Sem/2024;GABARITO_fatec_sem2_2024.pdf
101;403;413;2023;Gabarito - Fatec - 1ª Sem/2023;GABARITO_fatec_sem1_2023.pdf
101;404;414;2023;Gabarito - Fatec - 2ª Sem/2023;GABARITO_fatec_sem2_2023.pdf
101;405;415;2019;Gabarito - Fatec - 1ª Sem/2019;GABARITO_fatec_sem1_2019.pdf
101;406;416;2019;Gabarito - Fatec - 2ª Sem/2019;GABARITO_fatec_sem2_2019.pdf
114;407;417;2023;Gabarito - ENEM 1ª Dia - Caderno 1 - Azul;GABARITO_enem_2023_d1c1.pdf
114;408;418;2023;Gabarito - ENEM 2ª Dia - Caderno 7 - Azul;GABARITO_enem_2023_d2c7.pdf
114;409;419;2022;Gabarito - ENEM 1ª Dia - Caderno 1 - Azul;GABARITO_enem_2022_d1c1.pdf
114;4010;4110;2022;Gabarito - ENEM 2ª Dia - Caderno 7 - Azul;GABARITO_enem_2022_d2c7.pdf
102;4011;4111;2023;Gabarito - Vestibular Unesp 1ª Fase;GABARITO_vest_unesp_f1d1_2023.pdf
102;4012;4112;2023;Gabarito - Vestibular Unesp 2ª Fase;GABARITO_vest_unesp_f2d1_2023.pdf
102;4013;4113;2022;Gabarito - Vestibular Unesp 1ª Fase - Dia 1;GABARITO_vest_unesp_f1d1_2022.pdf
102;4014;4114;2022;Gabarito - Vestibular Unesp 1ª Fase - Dia 2;GABARITO_vest_unesp_f1d2_2022.pdf
102;4015;4115;2022;Gabarito - Vestibular Unesp 2ª Fase;GABARITO_vest_unesp_f2d1_2022.pdf
103;4016;4116;2023;Gabarito - FUVEST - 1ª Fase;GABARITO_fuvest_f1d1_V_2023.pdf
103;4017;4117;2022;Gabarito - FUVEST - 1ª Fase;GABARITO_fuvest_f1d1_V_2022.pdf
104;4022;4118;2023;Gabarito - Unicamp - 1ª Fase;GABARITO_unicamp_f1_2023.pdf
104;4023;4119;2023;Gabarito - Unicamp - 2ª Fase - Língua Portuguesa e Redação;GABARITO_unicamp_f2_re_2023.pdf
104;4024;4120;2023;Gabarito - Unicamp - 2ª Fase - Ciências Exatas;GABARITO_unicamp_f2_ce_2023.pdf
104;4025;4121;2023;Gabarito - Unicamp - 2ª Fase - Ciências Biológicas;GABARITO_unicamp_f2_cb_2023.pdf
104;4026;4122;2023;Gabarito - Unicamp - 2ª Fase - Ciências Humanas;GABARITO_unicamp_f2_ch_2023.pdf
105;4027;4123;2017;Gabarito - UFSCar Indígena 2017;GABARITO_ufscar_ind_2017.pdf
106;4028;4124;2009;Gabarito - Vestibular UFABC;GABARITO_ufabc_f1_2009